peptide	T05	T10	T15	T20	T25	T30	T35	T40	T45	T50	T55	T60
YER040W#HNS(ph)NTVTPNFR-12924	inactive	inactive	inactive	inactive	inactive	inactive	inactive	inactive	inactive	inactive	inactive	inactive
YHR205W#FAGFT(ph)FVDESAIDEHVNNNR-16022	inactive	inactive	inactive	inactive	inactive	inactive	inactive	inactive	inactive	inactive	inactive	inactive
YOR315W	inactive	inactive	inactive	inactive	inactive	inactive	inactive	inactive	inactive	inactive	inactive	inactive
YDR505C#RNT(ph)QPVASFNPSLPTFQQQQQQPQQPQQPR-12477	inactive	inactive	inactive	inactive	inactive	inactive	inactive	inactive	inactive	inactive	inactive	inactive
YCR023C#TYS(ph)LHEPTDAVHANIDTAPDGCK-9777	inactive	inactive	inactive	inactive	inactive	inactive	inactive	inactive	inactive	inactive	inactive	inactive
YHR158C#NMNVPISAAPLASAPS(ph)PAPK-15925	inactive	inactive	inactive	inactive	inactive	inactive	inactive	inactive	inactive	inactive	inactive	inactive
YDR422C#SSS(ph)INMR-12210	inactive	inactive	inactive	inactive	inactive	inactive	inactive	inactive	inactive	inactive	inactive	inactive
YIL144W#NT(ph)ISGTGIPTGGINK-16518	inactive	inactive	inactive	inactive	inactive	inactive	inactive	inactive	inactive	inactive	inactive	inactive
YJR001W#RFT(ph)NNDMDSIVVK-17358	inactive	inactive	inactive	inactive	inactive	inactive	inactive	inactive	inactive	inactive	inactive	inactive
YJL076W#SQS(ph)SIADNNGSPVK-16967	inactive	inactive	inactive	inactive	inactive	inactive	inactive	inactive	inactive	inactive	inactive	inactive
YKL064W#GAFIDHRPS(ph)MSQPR-17880	inactive	inactive	inhibition	inhibition	inhibition	inhibition	inactive	inhibition	inhibition	inhibition	inhibition	inhibition
YLR425W	inactive	inactive	inactive	inactive	inactive	inactive	inactive	inactive	inactive	inactive	inactive	inactive
YOL130W#KSS(ph)LVSPVLEIPHESK-23345	inactive	inactive	inactive	inhibition	inhibition	inhibition	inactive	inhibition	inhibition	inhibition	inactive	inhibition
YFR034C#TSSSAEGVVVASES(ph)PVIAPHGSSHSR-13946	inactive	inactive	inactive	inactive	inactive	inactive	inactive	inactive	inactive	inactive	inactive	inactive
YLR248W#NIVQYPS(ph)VVADDHHMK-19497	inactive	activation	inactive	activation	inactive	activation	inactive	activation	activation	activation	activation	inactive
YHR103W#SMSVAS(ph)LDQLGK-15709	inactive	inactive	inactive	inactive	inactive	inactive	inactive	inactive	inactive	inactive	inactive	inactive
YGR285C#NHTWS(ph)EFER-15265	inactive	inactive	inactive	inactive	inactive	inactive	inactive	inactive	inactive	inactive	inactive	inactive
YLL038C#AKPPTTSTS(ph)LDFQR-18874	inactive	inactive	inactive	inactive	inactive	inactive	inactive	inactive	inactive	inactive	inactive	activation
YKL064W#RKS(ph)QAYGATMSNESNANNNNSTSNASR-17887	inactive	inhibition	inactive	inactive	inactive	inactive	inactive	inhibition	inactive	inactive	inactive	inactive
YCL051W#SCT(ph)PDGKEEMNR-9716	inactive	inactive	inactive	inactive	inactive	inactive	inactive	inactive	inactive	inactive	inactive	inactive
YGR159C#NTAS(ph)FAGSK-14923	inactive	inactive	inactive	inactive	inactive	inactive	inactive	inactive	inactive	inactive	inactive	inactive
YDL223C#KVSVGSMGS(ph)GK-10545	inactive	inactive	inactive	inactive	inactive	inactive	inactive	inactive	inactive	inactive	inactive	inactive
YKL048C#THINCSQDKPSS(ph)PLMDR-17770	inactive	inactive	inactive	inactive	inactive	inactive	inactive	inactive	inactive	inactive	inactive	activation
YDR227W#ARS(ph)PGIAKPNAIQTEVYGINEESTNER-11566	inactive	inactive	inactive	inactive	inactive	inactive	inactive	inactive	inactive	inactive	inactive	inactive
YPL115C#IHSEQLAS(ph)PAASVTYTTSR-24913	inactive	inactive	inactive	inactive	inactive	inactive	inactive	inactive	inactive	inactive	inactive	inactive
YKL168C#SAS(ph)HTFHGIR-18210	inactive	inactive	inactive	inactive	inactive	activation	activation	activation	activation	activation	activation	inactive
YNL321W#NNHISASGNST(ph)SGDHR-22867	inactive	inactive	inactive	inactive	inactive	inactive	inactive	inactive	inactive	inactive	inactive	inactive
YPR115W#RGSDLSPFEMES(ph)PLFEENR-25691	inactive	inactive	activation	activation	activation	activation	inactive	inactive	activation	inactive	activation	activation
YDR093W#DIST(ph)PDLSK-10933	inactive	inactive	inactive	inactive	inactive	inactive	inactive	inactive	inactive	inactive	inactive	inactive
YGR009C#NSLNHS(ph)NSTLNVGPSR-14619	inactive	inactive	inactive	inactive	inactive	inactive	inactive	inactive	inactive	inactive	inactive	inactive
YMR275C#SPS(ph)LHSPK-21580	inactive	inactive	inactive	inactive	inactive	inactive	inactive	inactive	inactive	inactive	inactive	inactive
YHR073W#S(ph)AQSSTETFTSK-15525	inactive	inactive	inactive	inactive	inactive	inactive	inactive	inactive	inactive	inactive	inactive	inactive
YLR219W#RLS(ph)TSSAAPPTSR-19396	inactive	inactive	inactive	inactive	inactive	inactive	inactive	inactive	inactive	inactive	inactive	inactive
YNL155W#DLDTLYLVHNNADEKS(ph)N-22201	inactive	inactive	inactive	inactive	inactive	inactive	inactive	inactive	inactive	inactive	inactive	inactive
YOL130W#IKPSLHPGIS(ph)FGK-23343	inactive	inactive	inactive	inactive	inactive	activation	inactive	activation	activation	activation	activation	activation
YOR083W#RSEVFLSPS(ph)PR-23689	inactive	activation	inactive	inactive	inactive	inactive	inactive	inactive	inactive	inactive	inactive	inactive
YLR319C#SIDDVSKAS(ph)PLAK-19717	inactive	inactive	inactive	inactive	inactive	inactive	inactive	inactive	activation	inactive	inactive	inactive
YLR452C#NLSNENCS(ph)FKK-20125	inactive	inactive	inactive	inactive	inactive	inactive	inactive	inhibition	inactive	inactive	inactive	inhibition
YNL054W#IIERPTMHVTNS(ph)R-21740	inactive	inactive	inactive	inactive	inactive	activation	activation	activation	activation	activation	activation	activation
YER158C#RDS(ph)LSIPR-13474	inactive	inactive	inactive	inactive	inactive	inactive	inactive	inactive	inactive	inactive	inactive	inactive
YHR158C#TPS(ph)DASISDQSR-15953	inactive	inactive	inactive	inactive	inactive	inactive	inactive	inactive	inactive	inactive	inactive	inactive
YDR172W#LVS(ph)SSGIK-11362	inactive	inactive	inactive	inactive	inactive	inactive	inactive	inactive	inactive	inactive	inactive	inactive
YDR130C#LSMS(ph)PLR-11117	inactive	inactive	inactive	inactive	inactive	inactive	inactive	inactive	inactive	inactive	inactive	inactive
YOL100W#ALT(ph)NTDNFIEMYHNQQR-23286	inactive	inactive	inactive	inactive	inactive	inactive	inactive	inactive	inactive	inactive	inactive	inactive
YLR219W#S(ph)GEYHLHPPGYTTNGSR-19402	inactive	inactive	inactive	inactive	inactive	inactive	inactive	inactive	inactive	inactive	inactive	inactive
YJR059W#S(ph)MLEIAESPSLK-17459	inactive	inactive	inhibition	inactive	inactive	inactive	inactive	inactive	inactive	inactive	inactive	inactive
YDR239C#TSTAETSAPDIPPRS(ph)PNR-11654	inactive	inactive	inactive	inactive	inactive	inactive	inactive	inactive	inactive	inactive	inactive	inactive
YLR045C#S(ph)ILSNDEGEYQIDK-18998	inactive	inactive	inactive	inactive	inactive	inactive	inactive	inactive	inactive	inactive	inactive	inactive
YPR185W#HAS(ph)VSHNSQGPQNQPEQEGQSDQDIGKR-25867	inactive	inhibition	inhibition	inhibition	inhibition	inhibition	inhibition	inhibition	inhibition	inactive	inhibition	inactive
YLL021W#SVEKTPSSAT(ph)LKK-18816	inactive	inactive	inactive	inactive	inactive	inactive	inactive	inactive	inactive	inactive	inactive	inactive
YOL100W#TSST(ph)ESKPFAK-23303	inactive	inactive	inactive	inactive	inactive	inactive	inactive	inactive	inactive	inactive	inactive	inactive
YNL074C#FYS(ph)YVDMLNDEK-21818	inactive	inactive	inactive	inactive	inhibition	inhibition	inactive	inhibition	inactive	inhibition	inactive	inactive
YOR209C#SWS(ph)GDNEAHR-24024	inactive	activation	inactive	inactive	inactive	inactive	inactive	inactive	inactive	inactive	inactive	inactive
YGL073W#RGT(ph)PLGIYQTNLYGHNSR-14261	inactive	inactive	inactive	inactive	inactive	inactive	inactive	inactive	inactive	inactive	inactive	inactive
YIL031W	inactive	inactive	inactive	inactive	inactive	inactive	inactive	inactive	inactive	inactive	inactive	inactive
YOR127W#S(ph)KDLMINLK-23825	inactive	inactive	inactive	inactive	inactive	inactive	inactive	inactive	inactive	inactive	inactive	inactive
YJR001W#RLS(ph)VTLNNAGRPR-17360	inactive	inactive	inactive	inactive	inactive	inactive	inactive	inactive	inactive	inactive	inactive	inactive
YLR319C#MAVDDPTYGT(ph)PK-19703	inactive	activation	activation	inactive	inactive	inactive	inactive	activation	inactive	activation	inactive	inactive
YPL191C#RSS(ph)LLNAK-25198	inactive	inactive	inactive	inactive	inactive	inactive	inactive	inactive	inactive	inactive	inactive	inactive
YBL007C#S(ph)NANASWKDDELQNDVVGSAAGK-8279	inactive	inactive	inactive	inactive	inactive	inactive	inactive	inactive	inactive	inactive	inactive	inactive
YBL047C#TTPLS(ph)ANSTGVSSLTR-8474	inactive	inactive	inactive	inactive	inactive	inactive	inactive	inactive	inactive	inactive	inactive	inactive
YMR086W#INS(ph)LTQR-20943	inactive	inactive	inactive	activation	inactive	activation	activation	inactive	activation	activation	activation	inactive
YGL023C#TALHS(ph)VSK-14137	inactive	inactive	inactive	inactive	inactive	inactive	inactive	inactive	inactive	inactive	inactive	inactive
YNL267W#TNS(ph)QPLSR-22619	inactive	inactive	inactive	inactive	inactive	inactive	inactive	activation	activation	activation	activation	activation
YDL173W#SMS(ph)KPSPVLLPLK-10430	inactive	inactive	inactive	inactive	inactive	inactive	inactive	inactive	inactive	inactive	inactive	inactive
YOL070C#ANHTSTSTNKQDDDMYEDIIEET(ph)PK-23200	inactive	inactive	inactive	inactive	inactive	inactive	inactive	inactive	inactive	inactive	inactive	inactive
YKR095W#LQYKVKS(ph)LEK-18644	inactive	inactive	inactive	inactive	inactive	inactive	inactive	inactive	inactive	inactive	inactive	inactive
YIL047C#AFSSLNDIPIT(ph)PSHDNNPHSFAEPMPAYR-16204	inactive	inactive	inactive	inactive	inactive	inactive	inactive	inactive	inactive	inactive	inactive	inactive
YHR183W#VLPECAS(ph)DNLPVDK-16006	inactive	inactive	inactive	inactive	inactive	inactive	inactive	inactive	inactive	inactive	inactive	inactive
YDL117W#RNTNIYSSSVSSPKS(ph)PK-10277	inactive	inhibition	inactive	inactive	inactive	inactive	inactive	inactive	inactive	inactive	inactive	inactive
YIL033C#SRS(ph)SVMFK-16118	inactive	inactive	inactive	inactive	inactive	inactive	inactive	inactive	inactive	inactive	inactive	inactive
YLR138W#IHS(ph)LVDK-19211	inactive	inactive	inactive	inhibition	inhibition	inactive	inactive	inactive	inactive	inhibition	inactive	inhibition
YJR091C#GLS(ph)VSSVK-17570	inactive	inactive	inactive	inactive	inactive	inactive	inactive	inactive	inactive	inactive	inactive	inactive
YDL189W#IEIDDKSS(ph)TDLEQER-10473	inactive	inactive	inactive	inactive	inactive	inactive	inactive	inactive	inactive	inactive	inactive	inactive
YMR068W#RSS(ph)ITNPVFNPR-20899	inactive	inactive	inhibition	inhibition	inhibition	inhibition	inhibition	inhibition	inhibition	inactive	inhibition	inactive
YER040W#S(ph)LQQNSLSR-12951	inactive	inactive	inactive	inactive	inactive	inactive	inactive	inactive	inactive	inactive	inactive	inactive
YHR205W#HQPMMTATPLS(ph)PAMQAK-16025	inactive	inactive	inactive	inactive	inactive	inactive	inactive	inactive	inactive	inactive	inactive	inactive
YJR033C#FGS(ph)PSASDIESPNPK-17395	inactive	inactive	inactive	inactive	inactive	inactive	inactive	inactive	inactive	inactive	inactive	inactive
YIL107C#RRPTT(ph)IDVPGLTK-16328	inactive	inactive	inactive	inactive	inactive	inactive	inactive	inactive	inactive	inactive	inactive	inactive
YBL103C#HGS(ph)INTPR-8774	inactive	inactive	inactive	inactive	inactive	inactive	inactive	inactive	inactive	inactive	inactive	inactive
YJL092W#YAPETTSFHS(ph)PTK-17061	inactive	inactive	inactive	inactive	inactive	inactive	inactive	inactive	inactive	inactive	inactive	inactive
YPL193W	inactive	ambiguous	ambiguous	ambiguous	ambiguous	ambiguous	ambiguous	ambiguous	ambiguous	ambiguous	ambiguous	ambiguous
YHR073W#STPPARPTALS(ph)R-15536	inactive	inactive	inactive	inactive	inactive	inactive	inactive	inactive	inactive	inactive	inactive	inactive
YLR319C#LSSVVTT(ph)SPDK-19702	inactive	inhibition	inhibition	inactive	inactive	inactive	inactive	inactive	inactive	inactive	inactive	inactive
YNL054W#S(ph)SLLVASNPAFASDVELSK-21753	inactive	inactive	inactive	inactive	inactive	inhibition	inactive	inactive	inactive	activation	inactive	inactive
YNL167C#NNS(ph)TSTITQHSQR-22303	inactive	inactive	inhibition	inactive	inactive	inactive	inactive	activation	inactive	activation	inactive	activation
YML118W#DPDFPT(ph)PDLQFIER-20666	inactive	inactive	inactive	inactive	inactive	inactive	inactive	inhibition	inhibition	inhibition	inhibition	inactive
YLR113W#IQDPQMT(ph)GYVSTR-19128	inactive	activation	activation	activation	activation	activation	activation	inactive	inactive	inactive	inactive	inactive
YKL038W#TLNPNEQLSYNTVQQS(ph)PITNK-17746	inactive	inhibition	inactive	inactive	inactive	inactive	inactive	inactive	activation	inactive	inactive	inactive
YGL023C#S(ph)MVNQHR-14131	inactive	inactive	inactive	inactive	inactive	inactive	inactive	inactive	inactive	inactive	inactive	inactive
YBL047C#TTPLSANST(ph)GVSSLTR-8476	inactive	inactive	inactive	inactive	inactive	inactive	inactive	inactive	inactive	inactive	inactive	inactive
YNL103W#RNT(ph)FLTSQYDQSK-22044	inactive	inactive	inactive	inactive	inactive	inactive	inactive	inactive	inactive	inactive	inactive	inactive
YJL123C#IFVDEWGHPNNNGIT(ph)PVEK-17134	inactive	inactive	inactive	inactive	inactive	inactive	inactive	inactive	inactive	inactive	inactive	inactive
YNR031C#RPS(ph)NIGLPLPK-22944	inactive	inhibition	inhibition	inhibition	inhibition	inhibition	inhibition	inactive	inactive	inhibition	inhibition	inhibition
YNL157W#YFDS(ph)GDYALQK-22217	inactive	inactive	inactive	inactive	inactive	inactive	inactive	inactive	inactive	inactive	inactive	inactive
YKR089C#WVS(ph)SSNILYTDSDKEDHPTLR-18592	inactive	inactive	inactive	inactive	inactive	inactive	inactive	inactive	inactive	inactive	inactive	inactive
YHR131C#SNT(ph)FTAGLLDHYCTGLSK-15748	inactive	inactive	inactive	inactive	inactive	inactive	inactive	inactive	inactive	inactive	inactive	inactive
YBR098W#S(ph)VSNDVENVDLNK-9098	inactive	inactive	inactive	inactive	inactive	inactive	inactive	inactive	inactive	inactive	inactive	inactive
YBR023C#QGS(ph)LVRPER-8863	inactive	inactive	inhibition	inactive	inhibition	inhibition	inactive	inhibition	inactive	inactive	inhibition	inactive
YJL110C#STMS(ph)SPDIISAK-17114	inactive	inactive	inactive	inactive	inactive	inactive	inactive	inactive	inactive	inactive	inactive	inactive
YOR083W#EEAT(ph)AVETLMLLSSPTKK-23664	inactive	activation	inactive	inactive	inactive	inactive	inactive	inactive	inactive	inactive	inactive	inactive
YMR005W#KPSDGTGVSASDT(ph)PK-20698	inactive	inactive	inactive	inactive	inactive	inactive	inactive	inactive	inactive	inactive	inactive	inactive
YER033C#STS(ph)FDESPKR-12909	inactive	inactive	inactive	inactive	inactive	inactive	inactive	inactive	inactive	inactive	inactive	inactive
YMR037C#DNRLS(ph)LPNGANSNLFIDTNPNNLNEK-20816	inactive	inactive	inactive	inactive	inactive	inactive	inactive	inhibition	inactive	inactive	inhibition	inactive
YPR115W#RGS(ph)DLSPFEMESPLFEENR-25689	inactive	inactive	inactive	inactive	inhibition	inhibition	inhibition	inhibition	inhibition	inhibition	inhibition	inhibition
YHR031C#NNS(ph)SSLFSQSQGSFGDDDPDAEFKK-15480	inactive	inactive	inactive	inactive	inactive	inactive	inactive	inactive	inactive	inactive	inactive	inactive
YNL166C#VISVSSNSNS(ph)R-22287	inactive	inactive	inactive	inactive	inactive	inactive	inactive	inactive	inactive	inactive	inactive	inactive
YAR002W#GFVFNS(ph)VQK-8135	inactive	inactive	inactive	inactive	inactive	inactive	inactive	inactive	inactive	inactive	inactive	inactive
YML117W#SSS(ph)QTVINSK-20659	inactive	inactive	inactive	inactive	inactive	inactive	inactive	inactive	inactive	inactive	inactive	inactive
YMR068W#PTLSTDSFSSSSNS(ph)SSRLR-20896	inactive	inactive	inactive	inactive	inactive	inactive	inhibition	inactive	inactive	inactive	inhibition	inhibition
YPL209C#IPS(ph)PIRK-25240	inactive	inactive	inactive	inactive	inactive	inactive	inactive	inactive	inactive	inactive	inactive	inactive
YER016W#YRPIITNNS(ph)ATKPR-12810	inactive	inactive	inactive	inactive	inactive	inactive	inactive	inactive	inactive	inactive	inactive	inactive
YPL031C	inactive	ambiguous	ambiguous	ambiguous	ambiguous	ambiguous	ambiguous	ambiguous	ambiguous	ambiguous	ambiguous	ambiguous
YAR014C#AVS(ph)SASINSSLSGSR-8179	inactive	inactive	inactive	inactive	inactive	inactive	inactive	inactive	inactive	inactive	inactive	inactive
YLR187W#NNTYGSGNNQNTFHPS(ph)PQLQQQPQNMR-19306	inactive	inactive	inactive	inactive	inactive	inactive	inactive	inactive	inactive	inactive	inactive	inactive
YOR188W#ADAS(ph)PIPQHMVPVK-23941	inactive	inactive	inactive	inactive	inactive	activation	inactive	inactive	activation	inactive	activation	inactive
YPL019C#LSHFS(ph)NLEDASFK-24565	inactive	inactive	inactive	inhibition	inactive	inactive	inactive	inactive	inactive	inactive	inactive	inactive
YJR001W#QSILDHPVGS(ph)FK-17357	inactive	inactive	inactive	inactive	inactive	inactive	inactive	inactive	inactive	inactive	inactive	inactive
YLR257W#SIS(ph)RGPTK-19567	inactive	inactive	inactive	inactive	inactive	inactive	inactive	inactive	inactive	inactive	activation	inactive
YLR257W#LLTPQTS(ph)SNHALSK-19555	inactive	inactive	activation	inactive	activation	activation	activation	inactive	activation	activation	inactive	inactive
YPR115W#QPAT(ph)PGSTR-25688	inactive	inactive	activation	activation	activation	activation	activation	inactive	inactive	inactive	inactive	inactive
YLR223C#RQS(ph)MVEAAAENLR-19443	inactive	inactive	inactive	inactive	inactive	inactive	inactive	inactive	inactive	inactive	inactive	inactive
YNR013C#INNDENSS(ph)GNEEDEDGNRQEVLDFQDAER-22904	inactive	inactive	inactive	inactive	inactive	inactive	inactive	inactive	inactive	inactive	inhibition	inactive
YDR422C#GNAGGS(ph)NDDFTAPISATAK-12181	inactive	inactive	inactive	inactive	inactive	inactive	inactive	inactive	inactive	inactive	inactive	inactive
YHR159W#HSS(ph)VSVPNAMSK-15967	inactive	inactive	inactive	inactive	inactive	inactive	inactive	inactive	inactive	inactive	inactive	inactive
YAL031C#SSS(ph)LQSYTNK-8033	inactive	inactive	inactive	inactive	inactive	inactive	inactive	inactive	inactive	inactive	inactive	inactive
YBR157C#SHAIS(ph)FSR-9284	inactive	inactive	inactive	inactive	inactive	inactive	inactive	inactive	inactive	inactive	inactive	inactive
YGR100W#RVDS(ph)VATR-14785	inactive	inactive	inactive	inactive	inactive	inactive	inactive	inactive	inactive	inactive	inactive	inactive
YDL173W#SMSKPSPVLLPLKS(ph)NSK-10432	inactive	inactive	inactive	inactive	inactive	inactive	inactive	inactive	inactive	inactive	inactive	inactive
YMR273C#HGNAS(ph)LIR-21548	inactive	inactive	inactive	inactive	inactive	inactive	inactive	inactive	inactive	inactive	inactive	inactive
YDR385W#ETVESESSQT(ph)ALSK-12110	inactive	inactive	inactive	inactive	inactive	inactive	inactive	inactive	inactive	inactive	inactive	inactive
YFL033C#KGS(ph)IIGDNQQTTANSSDSPTMTK-13679	inactive	inactive	inactive	inactive	inactive	inactive	inactive	inactive	inactive	inactive	inactive	inactive
YNL271C#GGAENNTS(ph)ASTLPGDR-22634	inactive	inactive	inactive	inactive	inactive	inactive	inactive	inactive	inactive	inactive	inactive	inactive
YER032W#VHENRNS(ph)GDTNNEDFLK-12882	inactive	inactive	inactive	inactive	inactive	inactive	inactive	inactive	inactive	inactive	inactive	inactive
YOR018W#NNS(ph)GSSVSLQQLAR-23445	inactive	inactive	inactive	inactive	inactive	inactive	inactive	activation	inactive	inactive	inactive	inactive
YDR389W#PYS(ph)YNTPTK-12136	inactive	inactive	inactive	inactive	inactive	inactive	inactive	inactive	inactive	inactive	inactive	inactive
YDR477W	inactive	inactive	inactive	inactive	inactive	inactive	inactive	inactive	inactive	inactive	inactive	inactive
YHR164C	inactive	inactive	inactive	inactive	inactive	inactive	inactive	inactive	inactive	inactive	inactive	inactive
YDR208W#IS(ph)HSMTSLPLHPLPQPSQK-11464	inactive	inactive	inactive	inactive	inactive	inactive	inactive	inactive	inactive	inactive	inactive	inactive
YLR248W#T(ph)PCGTVGYTAPEVVKDEHYSMK-19509	activation	activation	activation	activation	activation	activation	activation	activation	activation	inactive	inactive	inactive
YNL058C	inactive	inactive	inactive	inactive	inactive	inactive	inactive	inactive	inactive	inactive	inactive	inactive
YCL014W#VFT(ph)PSGK-9616	inactive	inactive	inactive	inactive	inactive	inactive	inactive	inactive	inactive	inactive	inactive	inactive
YDR379W#KGSIS(ph)NASPKPR-12077	inactive	inactive	inactive	inactive	inactive	inactive	inactive	inactive	inactive	inactive	inactive	inactive
YHR131C#AIS(ph)MPQR-15737	inactive	inactive	inactive	inactive	inactive	inactive	inactive	inactive	inactive	inactive	inactive	inactive
YLR319C#NMQQEHRIS(ph)VK-19704	inactive	inactive	activation	inactive	activation	activation	inactive	inactive	inactive	inactive	inactive	inactive
YDR379W#ANRDS(ph)IVVKDPR-12052	inactive	inactive	inactive	inactive	inactive	inactive	inactive	inactive	inactive	inactive	inactive	inactive
YJR092W#HVS(ph)SPFK-17581	inactive	inactive	inactive	inactive	inactive	inactive	inactive	inactive	inactive	inactive	inactive	inactive
YLR257W#SINSESFSS(ph)PSLR-19566	inactive	inactive	inactive	inactive	inactive	inactive	inactive	activation	inactive	inactive	inactive	inactive
YJR001W#GVNS(ph)LSR-17354	inactive	inactive	inactive	inactive	inactive	inactive	inactive	inactive	inactive	inactive	inactive	inactive
YKL127W#CTGGGIILTAS(ph)HNPGGPENDLGIK-18125	inactive	inactive	inactive	inactive	inhibition	inactive	inhibition	inhibition	inhibition	inhibition	inhibition	inactive
YNR016C#RLS(ph)HQVGEASR-22918	inactive	inactive	inactive	inactive	inactive	inactive	inactive	inactive	inactive	inactive	inactive	inactive
YGR167W#TEQDDILETEAS(ph)PAK-14959	inactive	inactive	inactive	inactive	inactive	inactive	inactive	inactive	inactive	inactive	inactive	inactive
YEL032W#VRQPASNSGS(ph)PIK-12672	inactive	inactive	inactive	inactive	inactive	inactive	inactive	inactive	inactive	inactive	inactive	inactive
YAL024C#RKS(ph)LLIER-8000	inactive	inactive	inactive	inactive	inactive	inactive	inactive	inactive	inactive	inactive	inactive	inactive
YMR068W#LRVNS(ph)INVK-20895	inactive	inactive	inhibition	inhibition	inhibition	inhibition	inhibition	inhibition	inactive	inhibition	inhibition	inactive
YKL062W#RYS(ph)EVVTSSFPSMTDSR-17860	inactive	inactive	inactive	inhibition	inhibition	inhibition	inhibition	inhibition	inhibition	inactive	inhibition	inactive
YBL103C#SSVAALSPFT(ph)NNHHASSGQNNSENSEER-8791	inactive	inactive	inactive	inactive	inactive	inactive	inactive	inactive	inactive	inactive	inactive	inactive
YLR096W#RIS(ph)QSGQSQHPTR-19104	inactive	inactive	inactive	inactive	inhibition	inactive	inactive	inactive	inhibition	inactive	inhibition	inhibition
YKL168C#SFS(ph)ESFK-18212	inactive	inactive	inactive	inactive	inactive	inactive	inactive	inhibition	inactive	inhibition	inhibition	inactive
YPR185W#MS(ph)QGANASHLIAR-25874	inactive	inactive	activation	activation	inactive	inactive	inactive	inactive	inactive	inactive	inhibition	inactive
YIL122W#INASELAS(ph)PR-16425	inactive	inactive	inactive	inactive	inactive	inactive	inactive	inactive	inactive	inactive	inactive	inactive
YAR002W#KIPDTYTANTS(ph)AQSIASAK-8144	inactive	inactive	inactive	inactive	inactive	inactive	inactive	inactive	inactive	inactive	inactive	inactive
YBL063W#SKT(ph)LPNTEGTGR-8578	inactive	inactive	inactive	inactive	inactive	inactive	inactive	inactive	inactive	inactive	inactive	inactive
YJR070C	inactive	inactive	inactive	inactive	inactive	inactive	inactive	inactive	inactive	inactive	inactive	inactive
YCR065W#DGNS(ph)ILR-9911	inactive	inactive	inactive	inactive	inactive	inactive	inactive	inactive	inactive	inactive	inactive	inactive
YPR174C#DNLKPTENLPPS(ph)PVR-25858	inactive	inactive	inactive	inactive	inactive	inactive	inactive	inactive	inactive	inactive	inactive	inactive
YER008C#NVS(ph)QGAVPSSAPPVSGGNYSHK-12770	inactive	inactive	inactive	inactive	inactive	inactive	inactive	inactive	inactive	inactive	inactive	inactive
YOR359W#HPYEEFPTGSKS(ph)PYNMSR-24458	inactive	inactive	inactive	inactive	inactive	inactive	inactive	inactive	inactive	inactive	inactive	inactive
YLR150W#GNNT(ph)ANATNSANTVQK-19234	inactive	inactive	inactive	inactive	inactive	inactive	inactive	inactive	inactive	inactive	inactive	inactive
YHL034C#FPT(ph)KIDFDNIK-15409	inactive	inactive	inactive	inactive	inactive	inactive	inactive	inactive	inactive	inactive	inactive	inactive
YNL167C#DDMDGQEDS(ph)FNKDTNVVK-22291	inactive	inactive	inactive	activation	inactive	inactive	inactive	inactive	activation	inactive	inactive	inactive
YJR001W#RQS(ph)ILDHPVGSFK-17363	inactive	inactive	inactive	inactive	inactive	inactive	inactive	inactive	inactive	inactive	inactive	inactive
YAL024C#RQT(ph)IMNIPFTPDQSEK-8001	inactive	inactive	inactive	inactive	inactive	inactive	inactive	inactive	inactive	inactive	inactive	inactive
YJL110C#TTDS(ph)NPSEVPNQIR-17115	inactive	inactive	inactive	inactive	inactive	inactive	inactive	inactive	inactive	inactive	inactive	inactive
YKL168C#RATS(ph)YPNPLPSK-18206	inactive	inactive	inactive	inactive	inactive	inactive	activation	inactive	inactive	inactive	inactive	inactive
YJR059W#NT(ph)HHAGLPQR-17451	inactive	activation	activation	inactive	activation	inactive	activation	inactive	inactive	inactive	inactive	inactive
YOR188W#IEIPELMYEHDDDDS(ph)DKLK-23949	inactive	inactive	inactive	inactive	inactive	inactive	inactive	inactive	activation	inactive	inactive	inactive
YNL054W#RYS(ph)GVPDHVNLEDYIEQPHNYPTMQNSVK-21752	inactive	inactive	inactive	inactive	inactive	inhibition	inactive	inhibition	inhibition	inhibition	inhibition	inactive
YDR239C#ITNEIDSGS(ph)SNEDDDDGLQEK-11646	inactive	inactive	inactive	inactive	inactive	inactive	inactive	inactive	inactive	inactive	inactive	inactive
YGL023C#QQIQS(ph)PAMVSILR-14126	inactive	inactive	inactive	inactive	inactive	inactive	inactive	inactive	inactive	inactive	inactive	inactive
YDR097C#QVPSGT(ph)PSK-10962	inactive	inactive	inactive	inactive	inactive	inactive	inactive	inactive	inactive	inactive	inactive	inactive
YAR014C#SEPVDS(ph)DYDTDLKK-8189	inactive	inactive	inactive	inactive	inactive	inactive	inactive	inactive	inactive	inactive	inactive	inactive
YAL024C#VKS(ph)LTTAYYNK-8012	inactive	inactive	inactive	inactive	inactive	inactive	inactive	inactive	inactive	inactive	inactive	inactive
YOL100W#TLDNIAGS(ph)PHMEK-23301	inactive	inactive	inactive	inactive	inactive	inactive	inactive	inactive	inactive	inactive	inactive	inactive
YNL104C#DGNQS(ph)LPDPMSVEQKK-22051	inactive	inactive	inactive	inactive	inactive	inactive	inactive	inactive	inactive	inactive	inactive	inactive
YDR227W#NNTLNVTPS(ph)KRPQLGEIPNPMK-11583	inactive	inactive	inactive	inactive	inactive	inactive	inactive	inactive	inactive	inactive	inactive	inactive
YJR059W#RPTSPSISGSGSGGNS(ph)PSSSAGAR-17457	inactive	inactive	inactive	inhibition	inactive	inactive	activation	inactive	inactive	inactive	inactive	inactive
YKL038W#TSGLLAPTDDHNGEQT(ph)R-17750	inactive	inactive	inactive	inactive	inactive	inhibition	inhibition	inactive	inhibition	inhibition	inactive	inhibition
YMR037C#RFS(ph)DVITNQFPSMTNSR-20824	inactive	inactive	inactive	inactive	inactive	inactive	inactive	inactive	inactive	inactive	inactive	inhibition
YJR053W#RS(ph)SSPFLR-17428	inactive	inactive	inactive	inactive	inactive	inactive	inactive	inactive	inactive	inactive	inactive	inactive
YPR091C#KFS(ph)VSSNDSQNSLK-25587	inactive	inhibition	inhibition	inhibition	inhibition	inhibition	inactive	inhibition	inhibition	inactive	inhibition	inactive
YBL047C#TERT(ph)ESDVFDR-8472	inactive	inactive	inactive	inactive	inactive	inactive	inactive	inactive	inactive	inactive	inactive	inactive
YDR229W#NS(ph)AEETTQTFK-11609	inactive	inactive	inactive	inactive	inactive	inactive	inactive	inactive	inactive	inactive	inactive	inactive
YNL233W#MNTSFIDSMTPDS(ph)PVK-22543	inactive	inactive	inactive	inactive	inactive	inactive	inactive	inactive	inactive	inactive	inactive	inactive
YGR008C#RGS(ph)NLQSHEQK-14613	inactive	inactive	inactive	inactive	inactive	inactive	inactive	inactive	inactive	inactive	inactive	inactive
YDR217C#KSMTNVLS(ph)PK-11531	inactive	inactive	inactive	inactive	inactive	inactive	inactive	inactive	inactive	inactive	inactive	inactive
YJR092W#MHDAES(ph)TVDSLLK-17594	inactive	inactive	inactive	inactive	inactive	inactive	inactive	inactive	inactive	inactive	inactive	inactive
YKL062W#GSTIS(ph)PTTTINNSNPNFK-17843	inactive	activation	activation	activation	activation	activation	activation	inactive	inactive	inactive	activation	inactive
YBL105C#IS(ph)LQTHGR-8803	inactive	inactive	inactive	inactive	inactive	inactive	inactive	inactive	inactive	inactive	inactive	inactive
YJR092W#S(ph)IVYSNK-17599	inactive	inactive	inactive	inactive	inactive	inactive	inactive	inactive	inactive	inactive	inactive	inactive
YHR158C#SQELTIS(ph)K-15951	inactive	inactive	inactive	inactive	inactive	inactive	inactive	inactive	inactive	inactive	inactive	inactive
YDR217C#NLNVS(ph)GR-11534	inactive	inactive	inactive	inactive	inactive	inactive	inactive	inactive	inactive	inactive	inactive	inactive
YDR001C#TMS(ph)VFDNVSPFKK-10637	inactive	inactive	inactive	inactive	inactive	inactive	inactive	inactive	inactive	inactive	inactive	inactive
YDL140C#KVPS(ph)PTGEYVK-10341	inactive	inactive	inactive	inactive	inactive	inactive	inactive	inactive	inactive	inactive	inactive	inactive
YBL047C#FVETTVENS(ph)NLNVNR-8453	inactive	inactive	inactive	inactive	inactive	inactive	inactive	inactive	inactive	inactive	inactive	inactive
YML034W#TSDLNQEHGNGS(ph)AILGK-20319	inactive	inactive	inactive	inactive	inactive	inactive	inactive	inactive	inactive	inactive	inactive	inactive
YPR042C#GVS(ph)VSSVR-25507	inactive	inhibition	inhibition	inhibition	inhibition	inhibition	inhibition	inhibition	inactive	inhibition	inhibition	inactive
YDR422C#MS(ph)SDTTIDKGPSHLFK-12186	inactive	inactive	inactive	inactive	inactive	inactive	inactive	inactive	inactive	inactive	inactive	inactive
YDR052C#ITT(ph)TESPTASKK-10842	inactive	inactive	inactive	inactive	inactive	inactive	inactive	inactive	inactive	inactive	inactive	inactive
YDR505C#RSS(ph)YISDTLINHQMPDAR-12481	inactive	inactive	inactive	inactive	inactive	inactive	inactive	inactive	inactive	inactive	inactive	inactive
YDR227W#NNTLNVT(ph)PSK-11581	inactive	inactive	inactive	inactive	inactive	inactive	inactive	inactive	inactive	inactive	inactive	inactive
YLR223C#S(ph)VGLDEIHEILGK-19446	inactive	inactive	inactive	inactive	inactive	inactive	inactive	inactive	inactive	inactive	inactive	inactive
YLR190W#NAGSFQNLLNS(ph)PTK-19350	inactive	inactive	inactive	inactive	inactive	inactive	inactive	inactive	inactive	inactive	inactive	inactive
YNL233W#EHSY(ph)EGTTNEDFLDIK-22519	inactive	inactive	inactive	inactive	inactive	inactive	inactive	inactive	inactive	inactive	inactive	inactive
YJR001W#RLSVT(ph)LNNAGRPR-17362	inactive	inactive	inactive	inactive	inactive	inactive	inactive	inactive	inactive	inactive	inactive	inactive
YML031W	inactive	ambiguous	ambiguous	ambiguous	ambiguous	ambiguous	ambiguous	ambiguous	ambiguous	ambiguous	ambiguous	ambiguous
YOR081C#ANS(ph)LSFAIGASSLR-23655	inactive	inactive	inactive	inactive	inactive	inactive	inactive	inactive	inactive	inactive	inactive	inactive
YBR157C#FGS(ph)LKEFAEK-9274	inactive	inactive	inactive	inactive	inactive	inactive	inactive	inactive	inactive	inactive	inactive	inactive
YPL124W#SSQIHIENEST(ph)EDILK-24984	inactive	inactive	inactive	inactive	inactive	inactive	inactive	inactive	inactive	inactive	inactive	inactive
YBL047C#YPAPGTS(ph)PSHNEGNSKK-8485	inactive	inactive	inactive	inactive	inactive	inactive	inactive	inactive	inactive	inactive	inactive	inactive
YDR054C	inactive	inactive	inactive	inactive	inactive	inactive	inactive	inactive	inactive	inactive	inactive	inactive
YOL060C#SNFTDS(ph)LSR-23179	inactive	inactive	inactive	inactive	inactive	inactive	inactive	inactive	inactive	inactive	inactive	inactive
YHR132WA	inactive	inactive	inactive	inactive	inactive	inactive	inactive	inactive	inactive	inactive	inactive	inactive
YNL074C#TNSATLPSSESSPAS(ph)PDLK-21857	inactive	inactive	inactive	inactive	inactive	inactive	inactive	inactive	inhibition	inhibition	inactive	inhibition
YDR027C#SSRLS(ph)LDSITPR-10774	inactive	inactive	inactive	inactive	inactive	inactive	inactive	inactive	inactive	inactive	inactive	inactive
YKR100C#ASSSFLNGNISNAS(ph)FHTR-18663	inactive	inactive	inactive	inactive	inactive	activation	activation	inactive	activation	inactive	inactive	inactive
YLR187W#ITDS(ph)NLENMEDVEAK-19296	inactive	inactive	inactive	inactive	inactive	inactive	inactive	inactive	inactive	inactive	inactive	inactive
YDR422C#S(ph)ILTNGLNLQPLHPLHPIINDNESQYSAPQHR-12201	inactive	inactive	inactive	inactive	inactive	inactive	inactive	inactive	inactive	inactive	inactive	inactive
YER118C	ambiguous	ambiguous	ambiguous	ambiguous	ambiguous	ambiguous	ambiguous	ambiguous	ambiguous	ambiguous	ambiguous	ambiguous
YER125W	inactive	inactive	inactive	inactive	inactive	inactive	inactive	inactive	inactive	inactive	inactive	inactive
YLR248W#DSSLLFS(ph)PAAVAMR-19490	inactive	inactive	inactive	inactive	activation	inactive	inactive	activation	activation	inactive	inactive	inactive
YDR389W#SNALPLT(ph)EDDGDER-12152	inactive	inactive	inactive	inactive	inactive	inactive	inactive	inactive	inactive	inactive	inactive	inactive
YAL038W#RTS(ph)IIGTIGPK-8060	inactive	inactive	inactive	inactive	inactive	inactive	inactive	inactive	inactive	inactive	inactive	inactive
YEL032W#RST(ph)ASSVNATPSSAR-12656	inactive	inactive	inactive	inactive	inactive	inactive	inactive	inactive	inactive	inactive	inactive	inactive
YOL060C#DWDESKS(ph)EYGNENINQENSNR-23167	inactive	inactive	inactive	inactive	inactive	inactive	inactive	inactive	inactive	inactive	inactive	inactive
YDR229W#PDNNTEQLQGS(ph)PSSDQR-11612	inactive	inactive	inactive	inactive	inactive	inactive	inactive	inactive	inactive	inactive	inactive	inactive
YBR157C#VESNELSSHSHS(ph)R-9294	inactive	inactive	inactive	inactive	inactive	inactive	inactive	inactive	inactive	inactive	inactive	inactive
YHR133C#S(ph)KNQLNTGGVPNGVHNTK-15767	inactive	inactive	inactive	inactive	inactive	inactive	inactive	inactive	inactive	inactive	inactive	inactive
YOR028C#RNS(ph)VNIGALCEDVPNTAGPHIAR-23481	inactive	inactive	inhibition	inhibition	inhibition	inhibition	inhibition	inhibition	inhibition	inactive	inhibition	inactive
YKL168C#VRS(ph)FSESFK-18213	inactive	inactive	inactive	inactive	inactive	activation	inactive	inactive	inactive	inactive	inactive	inactive
YMR037C#S(ph)MTPSRR-20832	inactive	activation	inactive	inactive	inactive	activation	inactive	activation	activation	inactive	inactive	inactive
YCR065W#NLALMSKPQSQQSYSNSQLPPPPSSHGSDLLKT(ph)PK-9915	inactive	inactive	inactive	inactive	inactive	inactive	inactive	inactive	inactive	inactive	inactive	inactive
YPL155C#STSNSGSQSIS(ph)ASSTR-25081	inactive	inactive	inactive	inactive	inactive	inactive	inactive	inactive	inactive	inactive	inactive	inactive
YLR219W#SHS(ph)LVSHAPSIPR-19410	inactive	inactive	inactive	inactive	inactive	inactive	inactive	inactive	inactive	inactive	inactive	inactive
YNL074C#SQAYS(ph)CPFILK-21848	inactive	inactive	inactive	activation	activation	activation	activation	activation	activation	activation	activation	activation
YHR131C#YS(ph)TGSSTNNNTTIR-15749	inactive	inactive	inactive	inactive	inactive	inactive	inactive	inactive	inactive	inactive	inactive	inactive
YMR086W#RNS(ph)VMASLSK-20982	inactive	inactive	activation	inactive	inactive	activation	activation	inactive	inactive	inactive	activation	inactive
YKL062W#NS(ph)ISHSIEFWNLNHK-17848	inactive	inactive	inhibition	inhibition	inhibition	inhibition	inactive	inhibition	inhibition	inhibition	inhibition	inhibition
YOR359W#GAHPGAVLLS(ph)PQSSAINK-24455	inactive	inactive	inactive	inactive	inactive	inactive	inactive	inactive	inactive	inactive	inactive	inactive
YLR257W#S(ph)NSLITSTDPVEDHISK-19563	inactive	inactive	inactive	inactive	inactive	inactive	inactive	inactive	inactive	activation	inactive	activation
YLL021W#SEAEVHT(ph)SEEDIDESNNVNGK-18811	inactive	inactive	inactive	inactive	inactive	inactive	inactive	inactive	inactive	inactive	inactive	inactive
YER016W#FNDET(ph)ITGHGNGNGGALLR-12792	inactive	inactive	inactive	inactive	inactive	inactive	inactive	inactive	inactive	inactive	inactive	inactive
YHR103W#KEQS(ph)EMNLR-15695	inactive	inactive	inactive	inactive	inactive	inactive	inactive	inactive	inactive	inactive	inactive	inactive
YNL102W#RQNVLQDTLLANPPSAQSLADEEDDEDS(ph)DEDIILK-22028	inactive	inactive	inactive	inactive	inactive	inactive	inactive	inactive	inactive	inactive	inactive	inactive
YDR389W#SMS(ph)SENITVPR-12151	inactive	inactive	inactive	inactive	inactive	inactive	inactive	inactive	inactive	inactive	inactive	inactive
YCR023C#RQS(ph)VGLIR-9775	inactive	inactive	inactive	inactive	inactive	inactive	inactive	inactive	inactive	inactive	inactive	inactive
YDR379W#GSISNAS(ph)PKPR-12066	inactive	inactive	inactive	inactive	inactive	inactive	inactive	inactive	inactive	inactive	inactive	inactive
YJL070C#RPS(ph)LLFDEYQNSVTKPNETK-16897	inactive	inactive	inactive	inactive	inactive	inactive	inactive	inactive	inactive	inactive	inactive	inactive
YKR095W#QELNKLSPEKDS(ph)LR-18646	inactive	inactive	inactive	inactive	inactive	inactive	inactive	inactive	inactive	inactive	inactive	inactive
YLR133W#S(ph)YSVGYQAR-19203	inactive	inactive	inactive	inactive	inactive	activation	activation	activation	activation	activation	activation	activation
YBR130C#KGNS(ph)MVVHGAQS-9193	inactive	inactive	inactive	inactive	inactive	inactive	inactive	inactive	inactive	inactive	inactive	inactive
YBL047C#S(ph)RATQELKR-8462	inactive	inactive	inactive	inactive	inactive	inactive	inactive	inactive	inactive	inactive	inactive	inactive
YDL225W#KNDTYTDLAS(ph)IASGRD-10584	inactive	inactive	inactive	inactive	inactive	inactive	inactive	inactive	inactive	inactive	inactive	inactive
YBR028C#RFS(ph)ITGSDAMR-8870	inactive	inactive	inactive	inactive	inactive	inactive	inactive	inactive	inactive	inactive	inactive	inactive
YGL035C#QLQQQQNSLS(ph)PR-14167	inactive	inactive	inactive	inactive	inactive	inactive	inactive	inactive	inactive	inactive	inactive	inactive
YJR053W#S(ph)MMELKPK-17429	inactive	inactive	inactive	inactive	inactive	inactive	inactive	inactive	inactive	inactive	inactive	inactive
YKL064W#AETVS(ph)QLQGLTAK-17876	inactive	inactive	inactive	inactive	inhibition	inhibition	inactive	inhibition	inhibition	inhibition	inactive	inactive
YEL061C#LSNINSNSVQSVIS(ph)PK-12742	inactive	inactive	inactive	inactive	inactive	inactive	inactive	inactive	inactive	inactive	inactive	inactive
YOR301W#VSS(ph)MQNFEMIQR-24299	inactive	inactive	inactive	inactive	inactive	inactive	inactive	inactive	inactive	inactive	inactive	inactive
YBR102C#SMGGSIT(ph)PGR-9105	inactive	inactive	inactive	inactive	inactive	inactive	inactive	inactive	inactive	inactive	inactive	inactive
YMR086W#MSS(ph)ISSISSESR-20963	inactive	inactive	inactive	inactive	inactive	activation	inactive	inactive	activation	inactive	inactive	inactive
YML117W#TSTHRLSVPS(ph)VTAGNNNDSNNNGNNNK-20663	inactive	inactive	inactive	inactive	inactive	inactive	inactive	inactive	inactive	inactive	inactive	inactive
YGL023C#SQSAS(ph)VQNANNLR-14135	inactive	inactive	inactive	inactive	inactive	inactive	inactive	inactive	inactive	inactive	inactive	inactive
YLR192C#ALLDIDT(ph)LDEK-19353	inactive	inactive	inactive	inactive	inactive	inactive	inactive	inactive	inactive	inactive	inactive	inactive
YDR389W#ITSSDS(ph)PPIVSSNK-12124	inactive	inactive	inactive	inactive	inactive	inactive	inactive	inactive	inactive	inactive	inactive	inactive
YBR290W	inactive	inactive	inactive	inactive	inactive	inactive	inactive	inactive	inactive	inactive	inactive	inactive
YBL103C#HTSISSNMTENIGPGS(ph)VPK-8779	inactive	inactive	inactive	inactive	inactive	inactive	inactive	inactive	inactive	inactive	inactive	inactive
YOR181W#HVTSNTLNSAGGNSLLPQAT(ph)GR-23935	activation	activation	activation	activation	inactive	activation	inactive	inactive	inactive	inactive	activation	inactive
YMR037C#NS(ph)ISHSLDLWNHPK-20817	inactive	inactive	inactive	inhibition	inhibition	inhibition	inhibition	inhibition	inhibition	inhibition	inhibition	inhibition
YGR241C#TGS(ph)NNPFSLENIAR-15173	inactive	inactive	inactive	inactive	inactive	inactive	inactive	inactive	inactive	inactive	inactive	inactive
YMR172W	inactive	ambiguous	ambiguous	ambiguous	ambiguous	ambiguous	ambiguous	ambiguous	ambiguous	ambiguous	ambiguous	ambiguous
YJL128C#LCDFGVSGNLVAS(ph)LAK-17145	activation	activation	activation	activation	activation	activation	activation	activation	activation	activation	inactive	inactive
YJL076W#ITS(ph)GMLK-16931	inactive	inactive	inactive	inactive	inactive	inactive	inactive	inactive	inactive	inactive	inactive	inactive
YMR275C#STANAT(ph)PVETGR-21584	inactive	inactive	inactive	inactive	inactive	inactive	inactive	inactive	inactive	inactive	inactive	inactive
YHR103W#S(ph)QTCSSTGYNNSSILK-15698	inactive	inactive	inactive	inactive	inactive	inactive	inactive	inactive	inactive	inactive	inactive	inactive
YLR257W#GES(ph)YQSAEQEIDHTAPEK-19550	inactive	activation	activation	activation	activation	activation	activation	activation	activation	activation	activation	inactive
YDR443C#RKS(ph)VFAPLNFNPIIENNVDNK-12279	inactive	inactive	inactive	inactive	inactive	inactive	inactive	inactive	inactive	inactive	inactive	inactive
YMR086W#SAS(ph)MTNLR-20985	inactive	inactive	inactive	inactive	inactive	inactive	inactive	inactive	activation	inactive	inactive	activation
YJL128C#FANLS(ph)LHEK-17144	inactive	inactive	activation	inactive	inactive	activation	inactive	inactive	inactive	activation	inactive	inactive
YOR372C#S(ph)NNKKLFIK-24503	inactive	inactive	inactive	inactive	inactive	inactive	inactive	inactive	inactive	inactive	inactive	inactive
YKR089C#YS(ph)ITSASLNPR-18598	inactive	inactive	inactive	inactive	inactive	inactive	inactive	inactive	inactive	inactive	inactive	inactive
YOL036W#KNT(ph)VTFEDR-23071	inactive	inactive	inactive	inactive	inactive	inactive	inactive	inactive	inactive	inactive	inactive	inactive
YBL101C#NSSHSLS(ph)ETDLNQSK-8750	inactive	inactive	inactive	inactive	inactive	inactive	inactive	inactive	inactive	inactive	inactive	inactive
YDR348C#TNSFDMPQLNT(ph)R-11946	inactive	inactive	inactive	inactive	inactive	inactive	inactive	inactive	inactive	inactive	inactive	inactive
YJL123C#KPS(ph)VADGELGNSK-17135	inactive	inactive	inactive	inactive	inactive	inactive	inactive	inactive	inactive	inactive	inactive	inactive
YNL074C#SSS(ph)ILFQR-21852	inactive	inactive	inhibition	inhibition	inactive	inhibition	inhibition	inactive	inactive	inactive	inhibition	inactive
YDR251W#FNGNGMNGTQS(ph)R-11659	inactive	inactive	inactive	inactive	inactive	inactive	inactive	inactive	inactive	inactive	inactive	inactive
YPL155C#SSSGSSNIPQS(ph)PSVR-25078	inactive	inactive	inactive	inactive	inactive	inactive	inactive	inactive	inactive	inactive	inactive	inactive
YHR149C#QS(ph)VVMTNPSDLTAKPSYKPAGSFR-15843	inactive	inactive	inactive	inactive	inactive	inactive	inactive	inactive	inactive	inactive	inactive	inactive
YBL047C#TTPLSANSTGVSSLT(ph)R-8477	inactive	inactive	inactive	inactive	inactive	inactive	inactive	inactive	inactive	inactive	inactive	inactive
YLR138W#S(ph)KNEMYDDDELNDLGR-19216	inactive	inactive	inactive	inhibition	inhibition	inhibition	inactive	inhibition	inactive	inhibition	inhibition	inhibition
YNL166C#SGGST(ph)PLDSQTK-22268	inactive	inactive	inactive	inactive	inactive	inactive	inactive	inactive	inactive	inactive	inactive	inactive
YDR379W#KAQS(ph)SLGSISK-12071	inactive	inactive	inactive	inactive	inactive	inactive	inactive	inactive	inactive	inactive	inactive	inactive
YBR287W#MNSSFLSSSS(ph)IGDK-9568	inactive	inactive	inactive	inactive	inactive	inactive	inactive	inactive	inactive	inactive	inactive	inactive
YOL100W#NSTDS(ph)PLMNK-23288	inactive	inactive	inactive	inactive	inactive	inactive	inactive	inactive	inactive	inactive	inactive	inactive
YLL029W#RAS(ph)LFLR-18855	inactive	inactive	inactive	inactive	inhibition	inhibition	inhibition	inhibition	inactive	inactive	inactive	inactive
YJL076W#KPPVTT(ph)PR-16938	inactive	inactive	inactive	inactive	inactive	inactive	inactive	inactive	inactive	inactive	inactive	inactive
YER048C#S(ph)AYNLLSTGLEAQK-12999	inactive	inactive	inactive	inactive	inactive	inactive	inactive	inactive	inactive	inactive	inactive	inactive
YNR031C#LRSES(ph)LGR-22941	inactive	inactive	inactive	inactive	inactive	inhibition	inactive	inhibition	inactive	inactive	inactive	inactive
YNL167C#SGLT(ph)PNESNIR-22304	inactive	activation	inactive	activation	activation	activation	activation	activation	activation	activation	activation	inactive
YAR002W#S(ph)VVVSAVGEAR-8166	inactive	inactive	inactive	inactive	inactive	inactive	inactive	inactive	inactive	inactive	inactive	inactive
YJR001W#FTNNDMDS(ph)IVVK-17349	inactive	inactive	inactive	inactive	inactive	inactive	inactive	inactive	inactive	inactive	inactive	inactive
YIL044C#TTSNTSVTSSATS(ph)IGAANTK-16195	inactive	inactive	inactive	inactive	inactive	inactive	inactive	inactive	inactive	inactive	inactive	inactive
YDR052C#ITTTES(ph)PTASK-10844	inactive	inactive	inactive	inactive	inactive	inactive	inactive	inactive	inactive	inactive	inactive	inactive
YLL021W#AINS(ph)PIIRPSSSNGVPTTSR-18751	inactive	inactive	inactive	inactive	inactive	inactive	inactive	inactive	inactive	inactive	inactive	inactive
YGL008C#S(ph)VEDFMAAMQR-14023	inactive	inactive	inactive	inactive	inactive	inactive	inactive	inactive	inactive	inactive	inactive	inactive
YOL036W#LPPLSTQIS(ph)NQYAK-23072	inactive	inactive	inactive	inactive	inactive	inactive	inactive	inactive	inactive	inactive	inactive	inactive
YLR187W#TVTETLSAS(ph)DRNDK-19332	inactive	inactive	inactive	inactive	inactive	inactive	inactive	inactive	inactive	inactive	inactive	inactive
YDR385W#STAISLYSEMS(ph)DEDVKEIK-12114	inactive	inactive	inactive	inactive	inactive	inactive	inactive	inactive	inactive	inactive	inactive	inactive
YLL029W#RSS(ph)SMLLNELK-18856	inactive	inactive	inactive	inactive	inactive	inactive	activation	activation	activation	activation	activation	activation
YER040W#QNWNSSNS(ph)VSTNSR-12948	inactive	inactive	inactive	inactive	inactive	inactive	inactive	inactive	inactive	inactive	inactive	inactive
YFL033C#SSNNSNSSVHDFGAHT(ph)PVNK-13715	inactive	inactive	inactive	inactive	inactive	inactive	inactive	inactive	inactive	inactive	inactive	inactive
YFL033C#KGSIIGDNQQTTANSSDS(ph)PTMTK-13682	inactive	inactive	inactive	inactive	inactive	inactive	inactive	inactive	inactive	inactive	inactive	inactive
YIR023W	inactive	inactive	inactive	inactive	inactive	inactive	inactive	inactive	inactive	inactive	inactive	inactive
YDR293C#RATSNLSPPS(ph)FK-11766	inactive	inactive	inactive	inactive	inactive	inactive	inactive	inactive	inactive	inactive	inactive	inactive
YBL101C#S(ph)HEENEKPVYDPK-8758	inactive	inactive	inactive	inactive	inactive	inactive	inactive	inactive	inactive	inactive	inactive	inactive
YDR153C#DKS(ph)KGNDAFSDLFSYSK-11202	inactive	inactive	inactive	inactive	inactive	inactive	inactive	inactive	inactive	inactive	inactive	inactive
YDL117W#RNTNIYSSSVSS(ph)PK-10276	inactive	inactive	inactive	inactive	inactive	inactive	inactive	activation	inactive	inactive	activation	inactive
YIL107C#RYS(ph)VIPTAPPSAR-16329	inactive	inactive	inactive	inactive	inactive	inactive	inactive	inactive	inactive	inactive	inactive	inactive
YLR146C#VNNS(ph)QHPYIK-19225	inactive	inactive	inactive	inactive	inactive	inactive	inactive	inactive	inactive	inactive	inactive	inactive
YLL021W#NS(ph)PLAPIKK-18794	inactive	inactive	inactive	inactive	inactive	inactive	inactive	inactive	inactive	inactive	inactive	inactive
YLR319C#SHHQQNPS(ph)FTSNLSLGSEGTR-19712	inactive	inactive	inactive	inactive	inactive	inactive	inactive	inactive	activation	inactive	activation	inactive
YDR251W#KSS(ph)YSQPQHVAMMTSR-11669	inactive	inactive	inactive	inactive	inactive	inactive	inactive	inactive	inactive	inactive	inactive	inactive
YBL101C#LLSTPS(ph)PVNR-8745	inactive	inactive	inactive	inactive	inactive	inactive	inactive	inactive	inactive	inactive	inactive	inactive
YLL024C#NTIS(ph)EAGDKLEQADK-18837	inactive	inactive	inactive	inactive	inactive	inactive	inactive	inactive	inactive	inactive	inactive	inactive
YOR298CA	inactive	inactive	inactive	inactive	inactive	inactive	inactive	inactive	inactive	inactive	inactive	inactive
YIR010W#ILDNTENYDDT(ph)ELR-16642	inactive	inactive	inactive	inactive	inactive	inactive	inactive	inactive	inactive	inactive	inactive	inactive
YJR092W#LLNTSNNSHSDS(ph)R-17589	inactive	inactive	inactive	inactive	inactive	inactive	inactive	inactive	inactive	inactive	inactive	inactive
YER040W#KNS(ph)LIKPMSSTSLANFK-12932	inactive	inactive	inactive	inactive	inactive	inactive	inactive	inactive	inactive	inactive	inactive	inactive
YBL101C#SHNSS(ph)PTNGLSQANGTVR-8761	inactive	inactive	inactive	inactive	inactive	inactive	inactive	inactive	inactive	inactive	inactive	inactive
YNL271C#KQPS(ph)LNNIYR-22642	inactive	inactive	inactive	inactive	inactive	inactive	inactive	inactive	inactive	inactive	inactive	inactive
YDR227W#NVKPSS(ph)PPDVK-11585	inactive	inactive	inactive	inactive	inactive	inactive	inactive	inactive	inactive	inactive	inactive	inactive
YPR042C#NGNPNIWSSAGNSNTDHLNT(ph)PIVNR-25512	inactive	inactive	inactive	inhibition	inactive	inactive	inhibition	inactive	inactive	inactive	inactive	inactive
YOR127W#RFT(ph)DNGTLR-23823	inactive	inactive	inactive	inactive	inactive	inactive	inactive	inactive	inactive	inactive	inactive	inactive
YAL041W#IS(ph)NTHNNNISPITK-8065	inactive	inhibition	activation	inactive	inactive	inactive	inactive	inactive	inactive	activation	inactive	inactive
YAL024C#EGFTSSS(ph)PEK-7994	inactive	inactive	inactive	inactive	inactive	inactive	inactive	inactive	inactive	inactive	inactive	inactive
YBR157C#TYSFPGDKDGVKT(ph)R-9289	inactive	inactive	inactive	inactive	inactive	inactive	inactive	inactive	inactive	inactive	inactive	inactive
YLR133W#SYS(ph)VGYQAR-19204	inactive	inactive	inactive	inactive	inactive	activation	activation	activation	activation	activation	activation	inactive
YKR095W#KQT(ph)PENEDLLK-18642	inactive	inactive	inactive	inactive	inactive	inactive	inactive	inactive	inactive	inactive	inactive	inactive
YDL223C#NTDTHLENANVAAFDNS(ph)R-10548	inactive	inactive	inactive	inactive	inactive	inactive	inactive	inactive	inactive	inactive	inactive	inactive
YDR379W#KGS(ph)ISNASPKPR-12075	inactive	inactive	inactive	inactive	inactive	inactive	inactive	inactive	inactive	inactive	inactive	inactive
YML034W#LSVKT(ph)PIKNTNR-20312	inactive	inactive	inactive	inactive	inactive	inactive	inactive	inactive	inactive	inactive	inactive	inactive
YMR086W#TSS(ph)LPNQR-20998	inactive	inactive	activation	activation	activation	activation	activation	activation	activation	inactive	inactive	inactive
YGL035C#TST(ph)PTTMLSR-14178	inactive	inactive	inactive	inactive	inactive	inactive	inactive	inactive	inactive	inactive	inactive	inactive
YKR100C#S(ph)AITDKDKDLYK-18680	inactive	activation	activation	inactive	inactive	inactive	inactive	inactive	inactive	activation	activation	inactive
YHR073W#TST(ph)QQDMLFR-15541	inactive	inactive	inactive	inactive	inactive	inactive	inactive	inactive	inactive	inactive	inactive	inactive
YOR127W#S(ph)VPDLAGVQQEQAEK-23826	inactive	inactive	inactive	inactive	inactive	inactive	inactive	inactive	inactive	inactive	inactive	inactive
YJL146W#RSS(ph)IQDVQWIR-17216	inactive	inactive	inactive	inactive	inactive	inactive	inactive	inactive	inactive	inactive	inactive	inactive
YGL014W#RQT(ph)FHALSPTDLINAANNVTLSK-14093	inactive	inactive	inactive	inactive	inactive	inactive	inactive	inactive	inactive	inactive	inactive	inactive
YDL173W#SHQSLHATTSS(ph)PNNNAPIVVGR-10429	inactive	inactive	inactive	inactive	inactive	inactive	inactive	inactive	inactive	inactive	inactive	inactive
YNL166C#LADQT(ph)PHDDNSENCPNR-22259	inactive	inactive	inactive	inactive	inactive	inactive	inactive	inactive	inactive	inactive	inactive	inactive
YGL253W#KGS(ph)MADVPK-14602	inactive	inactive	inactive	inactive	inactive	inactive	inactive	inactive	inactive	inactive	inactive	inactive
YML119W#FNS(ph)ISQVNK-20672	inactive	inactive	inactive	inactive	inactive	inactive	inactive	inactive	inactive	inactive	inactive	inactive
YDL131W#GTDDDNIDIS(ph)NGHVSK-10319	inactive	inactive	inactive	inactive	inactive	inactive	inactive	inactive	inactive	inactive	inactive	inactive
YOR110W#TAGLLS(ph)PTEENETTNAGQSK-23780	inactive	inactive	inactive	inactive	inactive	inactive	inactive	inactive	inactive	inactive	inactive	inactive
YGL035C#TKFEIGESGGNDPYMVSS(ph)PK-14177	inactive	inactive	inactive	inactive	inactive	inactive	inactive	inactive	inactive	inactive	inactive	inactive
YKL038W#NGGTSNS(ph)PDDMDSAAAASHAIK-17737	activation	inactive	inhibition	inactive	inactive	inactive	activation	inactive	inactive	inactive	inactive	inactive
YJL095W#EAPKPPANTS(ph)PQR-17068	inactive	inactive	inactive	inactive	inactive	inactive	inactive	inactive	inactive	inactive	inactive	inactive
YML027W#LINSIDHS(ph)PSK-20258	inactive	inactive	inactive	inactive	inactive	inactive	inactive	inactive	inactive	inactive	inactive	inactive
YNL054W#IIERPTMHVT(ph)NSR-21739	inactive	inactive	inactive	inactive	inactive	activation	activation	activation	activation	activation	inactive	activation
YIL144W#RNS(ph)TNQGLTDMINK-16519	inactive	inactive	inactive	inactive	inactive	inactive	inactive	inactive	inactive	inactive	inactive	inactive
YLL043W#NADDAHT(ph)IPESHLSR-18903	inactive	inactive	activation	activation	activation	activation	activation	activation	activation	inactive	inactive	inactive
YHR131C#SNS(ph)RPDLIQR-15743	inactive	inactive	inactive	inactive	inactive	inactive	inactive	inactive	inactive	inactive	inactive	inactive
YDR169C#S(ph)QVVFADSTPENIEHEIIAQK-11300	inactive	inactive	inactive	inactive	inactive	inactive	inactive	inactive	inactive	inactive	inactive	inactive
YJR053W#S(ph)MPNLALVNPAIR-17430	inactive	inactive	inactive	inactive	inactive	inactive	inactive	inactive	inactive	inactive	inactive	inactive
YDR348C#RNLS(ph)LSR-11941	inactive	inactive	inactive	inactive	inactive	inactive	inactive	inactive	inactive	inactive	inactive	inactive
YFL033C#IHKPTISGS(ph)PSTFGTFPK-13678	inactive	inactive	inactive	inactive	inactive	inactive	inactive	inactive	inactive	inactive	inactive	inactive
YJL076W#VRPS(ph)LSSLSDLVSR-16981	inactive	inactive	inactive	inactive	inactive	inactive	inactive	inactive	inactive	inactive	inactive	inactive
YAR014C#ENSSELPDSYDYS(ph)DSEFEDNLER-8180	inactive	inactive	inactive	inactive	inactive	inactive	inactive	inactive	inactive	inactive	inactive	inactive
YDR379W#S(ph)MNHVSPITR-12084	inactive	inactive	inactive	inactive	inactive	inactive	inactive	inactive	inactive	inactive	inactive	inactive
YOL070C#NSSQISTVS(ph)EQK-23212	inactive	inactive	inactive	inactive	inactive	inactive	inactive	inactive	inactive	inactive	inactive	inactive
YBL007C#TANGLISANTGVS(ph)MPTVQR-8292	inactive	inactive	inactive	inactive	inactive	inactive	inactive	inactive	inactive	inactive	inactive	inactive
YLL018C#AYLAQS(ph)PQFNK-18746	inactive	inactive	inactive	inactive	inactive	inactive	inactive	inactive	inactive	inactive	inactive	inactive
YPR115W#SKVNT(ph)PAIDENGNLAIVGETK-25696	inactive	inactive	inactive	activation	activation	inactive	inactive	inactive	inactive	inactive	activation	inactive
YNL278W#IFS(ph)GDNK-22704	inactive	inactive	inactive	inactive	inactive	inactive	inactive	inactive	inactive	inactive	inactive	inactive
YDR097C#GELAEDS(ph)GDDDDLISLAETTSK-10958	inactive	inactive	inactive	inactive	inactive	inactive	inactive	inactive	inactive	inactive	inactive	inactive
YIL107C#RPT(ph)TIDVPGLTK-16326	inactive	inactive	inactive	inactive	inactive	inactive	inactive	inactive	inactive	inactive	inactive	inactive
YDR293C#T(ph)RNNEYSPGINSNWR-11783	inactive	inactive	inactive	inactive	inactive	inactive	inactive	inactive	inactive	inactive	inactive	inactive
YML016C#SSYSSTYYENALT(ph)DDDNDDKDNDISHTK-20232	inactive	inactive	inactive	inactive	inactive	inactive	inactive	inactive	inactive	inactive	inactive	inactive
YPR040W	inactive	ambiguous	ambiguous	ambiguous	ambiguous	ambiguous	ambiguous	ambiguous	ambiguous	ambiguous	ambiguous	ambiguous
YDR507C#S(ph)KFLGSSFNIDK-12542	inactive	inactive	activation	inactive	inactive	inactive	inactive	inactive	inactive	inactive	inactive	inactive
YOR113W#RES(ph)NSMRPPLLIPAATTK-23781	inactive	inactive	inhibition	inhibition	inhibition	inhibition	inhibition	inhibition	inhibition	inhibition	inactive	inactive
YDR348C#YLEESDVST(ph)VGNTR-11947	inactive	inactive	inactive	inactive	inactive	inactive	inactive	inactive	inactive	inactive	inactive	inactive
YBL007C#TANGLISANT(ph)GVSMPTVQR-8291	inactive	inactive	inactive	inactive	inactive	inactive	inactive	inactive	inactive	inactive	inactive	inactive
YMR086W#RPQS(ph)VGQFR-20983	inactive	inactive	inactive	inactive	activation	activation	inactive	activation	inactive	inactive	activation	activation
YKL146W#NPS(ph)NSLQLQGGDITR-18169	inactive	inactive	inactive	inhibition	inhibition	inhibition	inhibition	inhibition	inactive	inactive	inhibition	inhibition
YLR187W#VFKNDES(ph)PSTPSSPK-19333	inactive	inactive	inactive	inactive	inactive	inactive	inactive	inactive	inactive	inactive	inactive	inactive
YFL033C#KSQEDEEHTILS(ph)DSDETH-13688	inactive	inactive	inactive	inactive	inactive	inactive	inactive	inactive	inactive	inactive	inactive	inactive
YJL020C#TLDPHATT(ph)EHEQK-16802	inactive	inactive	inactive	inactive	inactive	inactive	inactive	inactive	inactive	inactive	inactive	inactive
YHR149C#MKS(ph)IYQVYLDR-15838	inactive	inactive	inactive	inactive	inactive	inactive	inactive	inactive	inactive	inactive	inactive	inactive
YDR130C#IS(ph)PNKTDGMK-11115	inactive	inactive	inactive	inactive	inactive	inactive	inactive	inactive	inactive	inactive	inactive	inactive
YKL038W#KGS(ph)IDSLQSDISVR-17735	inactive	inactive	inactive	inactive	inactive	inactive	inactive	inactive	inactive	inactive	inactive	inhibition
YJR059W#DKEVDKS(ph)PSVSTLK-17434	inactive	inactive	inactive	inactive	inactive	inactive	inactive	activation	inactive	inactive	inactive	inactive
YKL064W#SFVDENS(ph)PTDR-17893	inactive	inactive	inactive	inactive	inactive	inactive	inactive	inactive	inhibition	inactive	inhibition	inactive
YMR086W#SNS(ph)AHSALNAR-20988	inactive	inactive	activation	inactive	activation	activation	activation	activation	activation	activation	activation	activation
YKL166C	ambiguous	ambiguous	ambiguous	ambiguous	ambiguous	ambiguous	ambiguous	ambiguous	ambiguous	ambiguous	ambiguous	ambiguous
YOR380W#AS(ph)PGSTALPHKR-24520	inactive	inactive	inactive	inactive	inactive	inactive	inactive	inactive	inactive	inactive	inactive	inactive
YLR113W#IQDPQMTGY(ph)VSTR-19129	inactive	activation	activation	inactive	activation	activation	inactive	inactive	inactive	inactive	inactive	inactive
YNR031C#VASSPIS(ph)PGLHSTQYFR-22949	inactive	activation	inactive	inactive	inactive	inactive	inactive	inactive	inactive	inactive	inactive	inactive
YCL032W	ambiguous	ambiguous	ambiguous	ambiguous	ambiguous	ambiguous	ambiguous	ambiguous	ambiguous	ambiguous	ambiguous	ambiguous
YJL128C#SAS(ph)VGSNQSEQDKGSSQSPK-17149	inactive	inactive	inactive	inactive	inactive	inactive	inactive	inactive	inhibition	inactive	inactive	inactive
YLL038C#SELTRQS(ph)LEK-18880	inactive	inactive	inactive	inactive	inactive	inactive	inactive	inactive	inhibition	inactive	inhibition	inactive
YLR045C#KSILS(ph)NDEGEYQIDK-18994	inactive	inactive	inactive	inactive	inactive	inactive	inactive	inactive	inactive	inactive	inactive	inactive
YOR359W#SKS(ph)AEPHVNSSPNLIPVQK-24474	inactive	inactive	inactive	inactive	inactive	inactive	inactive	inactive	inactive	inactive	inactive	inactive
YDR422C#QGS(ph)ITSQLFNNR-12193	inactive	inactive	inactive	inactive	inactive	inactive	inactive	inactive	inactive	inactive	inactive	inactive
YCL051W#RSES(ph)APPDLEVMVDK-9713	inactive	inactive	inactive	inactive	inactive	inactive	inactive	inactive	inactive	inactive	inactive	inactive
YJR001W#GSAFSPDDSVS(ph)QFQSDGFMTR-17352	inactive	inactive	inactive	inactive	inactive	inactive	inactive	inactive	inactive	inactive	inactive	inactive
YHR158C#NGNLDLATPVT(ph)PTSHQTK-15924	inactive	inactive	inactive	inactive	inactive	inactive	inactive	inactive	inactive	inactive	inactive	inactive
YBR270C#RLS(ph)IFTNSK-9501	inactive	inactive	inactive	inactive	inactive	inactive	inactive	inactive	inactive	inactive	inactive	inactive
YPL115C#RPHASS(ph)VSTVK-24936	inactive	inactive	inactive	inactive	inactive	inactive	inactive	inactive	inactive	inactive	inactive	inactive
YPR156C#S(ph)LQDMGVSSK-25765	inactive	inactive	inactive	inactive	inactive	inactive	inactive	inactive	inactive	inactive	inactive	inactive
YLR190W#LS(ph)PMSFCLDDQR-19349	inactive	inactive	inactive	inactive	inactive	inactive	inactive	inactive	inactive	inactive	inactive	inactive
YBL063W#RFT(ph)TEPILK-8577	inactive	inactive	inactive	inactive	inactive	inactive	inactive	inactive	inactive	inactive	inactive	inactive
YAL024C#TNSEAITNMT(ph)PR-8011	inactive	inactive	inactive	inactive	inactive	inactive	inactive	inactive	inactive	inactive	inactive	inactive
YFL033C#KLS(ph)MSNTTNR-13686	inactive	inactive	inactive	inactive	inactive	inactive	inactive	inactive	inactive	inactive	inactive	inactive
YNL233W#QGQLHTFEQDGS(ph)EINDNEFENEDFNK-22550	inactive	inactive	inactive	inactive	inactive	inactive	inactive	inactive	inactive	inactive	inactive	inactive
YNR047W#AAS(ph)EPNGLQLASATSPTSSSAR-22966	inactive	inactive	inactive	inactive	inactive	activation	activation	activation	activation	inactive	inactive	inactive
YOR083W#RRPSTTSLQGIFMS(ph)PVNK-23686	inactive	inactive	inactive	inactive	inactive	inhibition	inhibition	inhibition	inhibition	inhibition	inactive	inactive
YDR293C#SYRNS(ph)IK-11782	inactive	inactive	inactive	inactive	inactive	inactive	inactive	inactive	inactive	inactive	inactive	inactive
YAR002W#KYS(ph)FNYSSLPSPYK-8147	inactive	inactive	inactive	inactive	inactive	inactive	inactive	inactive	inactive	inactive	inactive	inactive
YKL064W#RQS(ph)NANNDVVIDVDALMNHVNNNASTGVNDNSK-17888	inactive	inactive	inactive	inactive	inhibition	inhibition	inhibition	inactive	inactive	inactive	inactive	inactive
YBL047C#VAT(ph)PSIPQQPIPLK-8478	inactive	inactive	inactive	inactive	inactive	inactive	inactive	inactive	inactive	inactive	inactive	inactive
YPL019C#SNYDHPNT(ph)VSK-24568	inactive	inactive	inhibition	inhibition	inhibition	inhibition	inhibition	inhibition	inhibition	inhibition	inactive	inactive
YDR208W#RNT(ph)QDSNLPNIPFHASK-11481	inactive	inactive	inactive	inactive	inactive	inactive	inactive	inactive	inactive	inactive	inactive	inactive
YLR018C	inactive	inactive	inactive	inactive	inactive	inactive	inactive	inactive	inactive	inactive	inactive	inactive
YLR045C#RSS(ph)ESIGDLPHR-18996	inactive	inactive	inactive	inactive	inactive	inactive	inactive	inactive	inactive	inactive	inactive	inactive
YNL074C#TNSAT(ph)LPSSESSPASPDLK-21855	inactive	inactive	activation	inactive	inactive	inactive	inactive	inactive	inactive	inactive	inactive	inactive
YDR251W#LNSLSNQS(ph)TFR-11672	inactive	inactive	inactive	inactive	inactive	inactive	inactive	inactive	inactive	inactive	inactive	inactive
YBR098W#AHVSSAEMIPSS(ph)PQR-9091	inactive	inactive	inactive	inactive	inactive	inactive	inactive	inactive	inactive	inactive	inactive	inactive
YJL020C#NGS(ph)INSLTK-16769	inactive	inactive	inactive	inactive	inactive	inactive	inactive	inactive	inactive	inactive	inactive	inactive
YNL101W#VFVDMSS(ph)PNFQTLEDPHRDEIINSVR-22011	inactive	activation	activation	activation	inactive	activation	inactive	inactive	activation	activation	inactive	inactive
YLR257W#DRS(ph)YTSVAELNR-19547	inactive	inactive	inactive	inactive	inactive	inactive	inactive	activation	inactive	inactive	inactive	inactive
YCL014W#ISSDLS(ph)SNK-9593	inactive	inactive	inactive	inactive	inactive	inactive	inactive	inactive	inactive	inactive	inactive	inactive
YER027C#DAS(ph)MLDVSDAASNTTINGK-12855	inactive	inactive	inactive	inactive	inactive	inactive	inactive	inactive	inactive	inactive	inactive	inactive
YML117W#APS(ph)TLSYNHSK-20642	inactive	inactive	inactive	inactive	inactive	inactive	inactive	inactive	inactive	inactive	inactive	inactive
YBL103C#IHGSAYPGGET(ph)PAQQHEK-8781	inactive	inactive	inactive	inactive	inactive	inactive	inactive	inactive	inactive	inactive	inactive	inactive
YIR003W#RST(ph)TEELNNVMNNTSK-16609	inactive	inactive	inactive	inactive	inactive	inactive	inactive	inactive	inactive	inactive	inactive	inactive
YLR319C#VDMS(ph)DVGDVPMALRR-19724	inactive	inhibition	inactive	inactive	inactive	inactive	inactive	inactive	inactive	inactive	inactive	inactive
YBR102C#DRSS(ph)VLILEK-9101	inactive	inactive	inactive	inactive	inactive	inactive	inactive	inactive	inactive	inactive	inactive	inactive
YDR422C#DMQRLS(ph)R-12180	inactive	inactive	inactive	inactive	inactive	inactive	inactive	inactive	inactive	inactive	inactive	inactive
YIL047C#S(ph)IPWAHATDFQRPTVNTVDDR-16208	inactive	inactive	inactive	inactive	inactive	inactive	inactive	inactive	inactive	inactive	inactive	inactive
YER033C#DGKPNYSFS(ph)LKR-12886	inactive	inactive	inactive	inactive	inactive	inactive	inactive	inactive	inactive	inactive	inactive	inactive
YML016C#KLANQQQQMMETSITNDNES(ph)QQ-20198	inactive	inactive	inactive	inactive	inactive	inactive	inactive	inactive	inactive	inactive	inactive	inactive
YLR429W#SASS(ph)SSTINHVLK-20065	inactive	inactive	inactive	inactive	inactive	inactive	inactive	inactive	inactive	inactive	inactive	inactive
YMR086W#NSQQIQEPAS(ph)VYESNGPNKPK-20969	inactive	inactive	inactive	inactive	inactive	activation	activation	inactive	inactive	inactive	inactive	inactive
YIL084C#GNNNNQDES(ph)DFQTGNGSGSNGHGSR-16263	inactive	inactive	inactive	inactive	inactive	inactive	inactive	inactive	inactive	inactive	inactive	inactive
YMR291W#TLS(ph)MTSLKPAGTFDYLHANK-21597	inactive	inactive	inactive	inactive	inactive	activation	activation	activation	inactive	inactive	activation	inactive
YJL095W#HYETNVSS(ph)PLK-17071	inactive	inactive	inactive	inactive	inactive	inactive	inactive	inactive	inactive	inactive	inactive	inactive
YJL076W#LLSGT(ph)PIMSTMTPNR-16952	inactive	inactive	inactive	inactive	inactive	inactive	inactive	inactive	inactive	inactive	inactive	inactive
YPR185W#YSS(ph)SFGNIR-25883	inactive	activation	inactive	inactive	inactive	inactive	inactive	inactive	inactive	inactive	inhibition	inhibition
YPR181C#S(ph)DANSNVVPVGCLYTPLK-25860	inactive	inactive	inactive	inactive	inactive	inactive	inactive	inactive	inactive	inactive	inactive	inactive
YBL101C#RIS(ph)NTLFSK-8755	inactive	inactive	inactive	inactive	inactive	inactive	inactive	inactive	inactive	inactive	inactive	inactive
YNL102W#RVNIDS(ph)R-22029	inactive	inactive	inactive	inactive	inactive	inactive	inactive	inactive	inactive	inactive	inactive	inactive
YLR093C#VS(ph)LLVDK-19082	inactive	inactive	inactive	inactive	inactive	inactive	inactive	inactive	inactive	inactive	inactive	inactive
YNL166C#EDGT(ph)NINHFNSDGDGQKK-22247	inactive	inactive	inactive	inactive	inactive	inactive	inactive	inactive	inactive	inactive	inactive	inactive
YGR188C#GYES(ph)DKDTFPQSK-15013	inactive	inactive	inactive	inactive	inactive	inactive	inactive	inactive	inactive	inactive	inactive	inactive
YIL033C#SRSS(ph)VMFK-16119	inactive	inactive	inactive	inactive	inactive	inactive	inactive	inactive	inactive	inactive	inactive	inactive
YFL033C#RGSPSFGNLASHSMQQTNS(ph)FK-13695	inactive	inactive	inactive	inactive	inactive	inactive	inactive	inactive	inactive	inactive	inactive	inactive
YMR068W#HSATPT(ph)SPHNNIALINR-20893	inactive	inactive	inhibition	inactive	inactive	inactive	inactive	inhibition	inactive	inactive	inactive	inactive
YNL278W#VVDSLASNPGLMSPS(ph)NFGGDFGSR-22732	inactive	inactive	inactive	inactive	inactive	inactive	inactive	inactive	inactive	inactive	inactive	inactive
YMR273C#SNT(ph)TEISNQQHSK-21555	inactive	inactive	inactive	inactive	inactive	inactive	inactive	inactive	inactive	inactive	inactive	inactive
YFL033C#SHGSS(ph)NIDLPASLR-13704	inactive	inactive	inactive	inactive	inactive	inactive	inactive	inactive	inactive	inactive	inactive	inactive
YNL101W#AQS(ph)TVLNSNPFYSR-21994	inactive	inactive	inactive	inhibition	inhibition	inhibition	inhibition	inhibition	inhibition	inhibition	inhibition	inactive
YCL051W#S(ph)CTPDGKEEMNR-9714	inactive	inactive	inactive	inactive	inactive	inactive	inactive	inactive	inactive	inactive	inactive	inactive
YLR187W#S(ph)PAISSAELFEGYDSLPER-19314	inactive	inactive	inactive	inactive	inactive	inactive	inactive	inactive	inactive	inactive	inactive	inactive
YBR160W	inactive	inactive	inactive	inactive	inactive	inactive	inactive	inactive	inactive	inactive	inactive	inactive
YDR293C#DYNS(ph)FNTLEPPAIFQQGHK-11735	inactive	inactive	inactive	inactive	inactive	inactive	inactive	inactive	inactive	inactive	inactive	inactive
YMR037C#RSS(ph)VVIESTK-20830	inactive	inactive	inactive	inactive	inactive	inactive	inhibition	inhibition	inhibition	inhibition	inhibition	inactive
YKL064W#KPAGLRPS(ph)DQNR-17882	inactive	inactive	inactive	inactive	inactive	inactive	inactive	inactive	inhibition	inactive	inhibition	inactive
YHR009C#SHTNSASDLDS(ph)VSPVEQLR-15429	inactive	inactive	inactive	inactive	inactive	inactive	inactive	inactive	inactive	inactive	inactive	inactive
YGL023C#SNPELDPTNS(ph)VVDVSR-14134	inactive	inactive	inactive	inactive	inactive	inactive	inactive	inactive	inactive	inactive	inactive	inactive
YOL130W#LSASSSAS(ph)PITK-23349	inactive	inactive	inhibition	inactive	inactive	inactive	inactive	inactive	inactive	inactive	inactive	inactive
YIR006C#KQIEDAQNES(ph)DEEETNGK-16632	inactive	inactive	inactive	inactive	inactive	inactive	inactive	inactive	inactive	inactive	inactive	inactive
YNL309W#IGEGESIDDKLT(ph)D-22830	inactive	inactive	inactive	inactive	inactive	inactive	inactive	inactive	inactive	inactive	inactive	inactive
YNL233W#EDPKPS(ph)PPSSK-22510	inactive	inactive	inactive	inactive	inactive	inactive	inactive	inactive	inactive	inactive	inactive	inactive
YML111W#SVST(ph)EDNIHLLR-20631	inactive	inactive	inactive	inactive	inactive	inactive	inactive	inactive	inactive	inactive	inactive	inactive
YIL044C#SNTS(ph)LLNLQVSSLSK-16187	inactive	inactive	inactive	inactive	inactive	inactive	inactive	inactive	inactive	inactive	inactive	inactive
YJL146W#AS(ph)PIRQPSVDVPPLTTR-17212	inactive	inactive	inactive	inactive	inactive	inactive	inactive	inactive	inactive	inactive	inactive	inactive
YER033C#VRIS(ph)LNR-12914	inactive	inactive	inactive	inactive	inactive	inactive	inactive	inactive	inactive	inactive	inactive	inactive
YAL031C#SASTPNPSASSSLAPS(ph)PK-8031	inactive	inactive	inactive	inactive	inactive	inactive	inactive	inactive	inactive	inactive	inactive	inactive
YPR115W#KT(ph)YSAENVPLTSTVSNDK-25686	inactive	inactive	inactive	inactive	inactive	inactive	inactive	activation	activation	inactive	inactive	inactive
YBL007C#SNANAS(ph)WKDDELQNDVVGSAAGK-8285	inactive	inactive	inactive	inactive	inactive	inactive	inactive	inactive	inactive	inactive	inactive	inactive
YJR092W#TSAEEHDLSSSCEDQS(ph)VSEAR-17614	inactive	inactive	inactive	inactive	inactive	inactive	inactive	inactive	inactive	inactive	inactive	inactive
YIL140W#YTGNLSPVS(ph)DIVR-16510	inactive	inactive	inactive	inactive	inactive	inactive	inactive	inactive	inactive	inactive	inactive	inactive
YCL061C#RPEDEDEVENGDTS(ph)LVGVFK-9737	inactive	inactive	inactive	inactive	inactive	inactive	inactive	inactive	inactive	inactive	inactive	inactive
YJL020C#T(ph)IQPEVEQK-16791	inactive	inactive	inactive	inactive	inactive	inactive	inactive	inactive	inactive	inactive	inactive	inactive
YMR005W#RNS(ph)VQTIISK-20707	inactive	inactive	inactive	inactive	inactive	inactive	inactive	inactive	inactive	inactive	inactive	inactive
YCL051W#SGS(ph)PISHMQHR-9718	inactive	inactive	inactive	inactive	inactive	inactive	inactive	inactive	inactive	inactive	inactive	inactive
YPL269W#VTVENT(ph)PIAK-25408	inactive	inactive	inactive	inactive	inactive	inactive	inactive	inactive	inactive	inactive	inactive	inactive
YDR422C#VNS(ph)SNSMYTAER-12217	inactive	inactive	inactive	inactive	inactive	inactive	inactive	inactive	inactive	inactive	inactive	inactive
YNR039C#SMS(ph)SLPIATK-22964	inactive	inactive	inhibition	inhibition	inhibition	inhibition	inhibition	inhibition	inhibition	inhibition	inhibition	inactive
YHR149C#SQDDDYYVSLLS(ph)PNEEEDIK-15856	inactive	inactive	inactive	inactive	inactive	inactive	inactive	inactive	inactive	inactive	inactive	inactive
YHR159W#TSS(ph)AGSMHSQR-15976	inactive	inactive	inactive	inactive	inactive	inactive	inactive	inactive	inactive	inactive	inactive	inactive
YDR153C#GNDAFSDLFS(ph)YSK-11203	inactive	inactive	inactive	inactive	inactive	inactive	inactive	inactive	inactive	inactive	inactive	inactive
YML118W#RNS(ph)LISQGK-20667	inactive	inactive	inactive	inactive	inactive	inactive	inhibition	inhibition	inactive	inactive	inactive	inactive
YGR068C#SLS(ph)SPVFNK-14706	inactive	inactive	inactive	inactive	inactive	inactive	inactive	inactive	inactive	inactive	inactive	inactive
YOR372C#SQS(ph)LLSDSGSK-24505	inactive	inactive	inactive	inactive	inactive	inactive	inactive	inactive	inactive	inactive	inactive	inactive
YJL076W#VVVNT(ph)PR-16986	inactive	inactive	inactive	inactive	inactive	inactive	inactive	inactive	inactive	inactive	inactive	inactive
YBL007C#S(ph)ESNLLSK-8276	inactive	inactive	inactive	inactive	inactive	inactive	inactive	inactive	inactive	inactive	inactive	inactive
YBL101C#RPS(ph)VIGFLSGHK-8757	inactive	inactive	inactive	inactive	inactive	inactive	inactive	inactive	inactive	inactive	inactive	inactive
YMR037C#SMTPS(ph)RR-20835	inactive	inactive	activation	inactive	activation	inactive	inactive	activation	activation	inactive	inactive	inactive
YLR319C#SKS(ph)NPILPIMRPGTFNQVR-19718	inactive	inactive	inactive	inactive	inactive	inactive	inactive	inactive	inactive	inactive	inactive	activation
YHR158C#IPSSIYGDNLT(ph)PANQIK-15908	inactive	inactive	inactive	inactive	inactive	inactive	inactive	inactive	inactive	inactive	inactive	inactive
YOL036W#RAS(ph)SALLR-23073	inactive	inactive	inactive	inactive	inactive	inactive	inactive	inactive	inactive	inactive	inactive	inactive
YLR219W#MNS(ph)MTSGANVR-19376	inactive	inactive	inactive	inactive	inactive	inactive	inactive	inactive	inactive	inactive	inactive	inactive
YML027W#RSS(ph)TPSIK-20270	inactive	inactive	inactive	inactive	inactive	inactive	inactive	inactive	inactive	inactive	inactive	inactive
YNL278W#KAT(ph)TPEKFER-22705	inactive	inactive	inactive	inactive	inactive	inactive	inactive	inactive	inactive	inactive	inactive	inactive
YFR024CA	inactive	inactive	inactive	inactive	inactive	inactive	inactive	inactive	inactive	inactive	inactive	inactive
YJR092W#SNIT(ph)QNGSEDTPHNWK-17601	inactive	inactive	inactive	inactive	inactive	inactive	inactive	inactive	inactive	inactive	inactive	inactive
YLR187W#S(ph)KNEDLGSLK-19312	inactive	inactive	inactive	inactive	inactive	inactive	inactive	inactive	inactive	inactive	inactive	inactive
YIL107C#S(ph)NPTSASSSQSELSEQPK-16330	inactive	inactive	inactive	inactive	inactive	inactive	inactive	inactive	inactive	inactive	inactive	inactive
YJR053W#KLS(ph)NSVTSR-17426	inactive	inactive	inactive	inactive	inactive	inactive	inactive	inactive	inactive	inactive	inactive	inactive
YNL155W#IQRVS(ph)ETREPLR-22202	inactive	inactive	inactive	inactive	inactive	inactive	inactive	inactive	inactive	inactive	inactive	inactive
YDR130C#IQNSDHITNIIFPTSPT(ph)K-11114	inactive	inactive	inactive	inactive	inactive	inactive	inactive	inactive	inactive	inactive	inactive	inactive
YLL021W#EDNDKYVS(ph)PIK-18761	inactive	inactive	inactive	inactive	inactive	inactive	inactive	inactive	inactive	inactive	inactive	inactive
YPR074C	inactive	ambiguous	ambiguous	ambiguous	ambiguous	ambiguous	ambiguous	ambiguous	ambiguous	ambiguous	ambiguous	ambiguous
YIR003W#KLS(ph)SPDTESK-16601	inactive	inactive	inactive	inactive	inactive	inactive	inactive	inactive	inactive	inactive	inactive	inactive
YLR187W#YVGTSAES(ph)K-19338	inactive	inactive	inactive	inactive	inactive	inactive	inactive	inactive	inactive	inactive	inactive	inactive
YGR238C#VDSS(ph)INKESPGTGIK-15155	inactive	inactive	inactive	inactive	inactive	inactive	inactive	inactive	inactive	inactive	inactive	inactive
YOR208W	ambiguous	ambiguous	ambiguous	ambiguous	ambiguous	ambiguous	ambiguous	ambiguous	ambiguous	ambiguous	ambiguous	ambiguous
YPL019C#SSVDS(ph)WSER-24570	inactive	inactive	inactive	inactive	inactive	inactive	inactive	inactive	inactive	inactive	inhibition	inactive